{"cameraMode":{"drawMode":0,"name":"Shaded","section":"Shading Mode"},"sceneLighting":false,"audioPlay":false,"sceneViewState":{"showFog":true,"showMaterialUpdate":false,"showSkybox":true,"showFlares":true,"showImageEffects":true,"showParticleSystems":true},"in2DMode":false,"pivot":{"x":-0.16076111793518067,"y":-0.4288388788700104,"z":0.8446682095527649},"rotation":{"x":-0.08330278098583222,"y":-0.7226083874702454,"z":0.08845891803503037,"w":-0.6804959177970886},"size":1.4926049709320069,"orthographic":false}